Model,Scenario,Category,Policy_category
AIM/CGE 2.0,SSP1-26,C3,P2a
AIM/CGE 2.0,SSP1-34,C5,P2a
AIM/CGE 2.0,SSP1-45,C6,P2a
AIM/CGE 2.0,SSP1-Baseline,C7,P1a
AIM/CGE 2.0,SSP4-26,C3,P2a
AIM/CGE 2.0,SSP4-34,C5,P2a
AIM/CGE 2.0,SSP4-45,C6,P2a
AIM/CGE 2.0,SSP4-Baseline,C7,P1a
AIM/CGE 2.1,CD-LINKS_INDC2030i_1600,C5,P3b
AIM/CGE 2.1,CD-LINKS_INDCi,C7,P1c
AIM/CGE 2.1,CD-LINKS_NDC2030i_1000,C4,P3b
AIM/CGE 2.1,CD-LINKS_NPi2020_1000,C3,P2a
AIM/CGE 2.1,CD-LINKS_NPi2020_1600,C5,P2a
AIM/CGE 2.1,CD-LINKS_NPi2020_400,C1,P2a
AIM/CGE 2.1,CO_Bridge,C3,P3c
AIM/CGE 2.1,CO_CurPol,C7,P1b
AIM/CGE 2.2,EN_INDCi2030_1000f,C3,P3b
AIM/CGE 2.2,EN_INDCi2030_1200,C4,P3b
AIM/CGE 2.2,EN_INDCi2030_1200f,C4,P3b
AIM/CGE 2.2,EN_INDCi2030_1400,C4,P3b
AIM/CGE 2.2,EN_INDCi2030_1400f,C4,P3b
AIM/CGE 2.2,EN_INDCi2030_1600,C5,P3b
AIM/CGE 2.2,EN_INDCi2030_1600f,C5,P3b
AIM/CGE 2.2,EN_INDCi2030_1800,C5,P3b
AIM/CGE 2.2,EN_INDCi2030_1800f,C5,P3b
AIM/CGE 2.2,EN_INDCi2030_800f,C3,P3b
AIM/CGE 2.2,EN_INDCi2030_900f,C3,P3b
AIM/CGE 2.2,EN_INDCi2100,C6,P1c
AIM/CGE 2.2,EN_NPi2020_1000,C3,P2a
AIM/CGE 2.2,EN_NPi2020_1000f,C3,P2a
AIM/CGE 2.2,EN_NPi2020_1200,C3,P2a
AIM/CGE 2.2,EN_NPi2020_1200f,C4,P2a
AIM/CGE 2.2,EN_NPi2020_1400,C4,P2a
AIM/CGE 2.2,EN_NPi2020_1400f,C4,P2a
AIM/CGE 2.2,EN_NPi2020_1600,C5,P2a
AIM/CGE 2.2,EN_NPi2020_1600f,C5,P2a
AIM/CGE 2.2,EN_NPi2020_1800,C5,P2a
AIM/CGE 2.2,EN_NPi2020_1800f,C5,P2a
AIM/CGE 2.2,EN_NPi2020_300f,C1,P2a
AIM/CGE 2.2,EN_NPi2020_400f,C2,P2a
AIM/CGE 2.2,EN_NPi2020_500f,C2,P2a
AIM/CGE 2.2,EN_NPi2020_600,C1,P2a
AIM/CGE 2.2,EN_NPi2020_600f,C2,P2a
AIM/CGE 2.2,EN_NPi2020_700,C3,P2a
AIM/CGE 2.2,EN_NPi2020_700f,C3,P2a
AIM/CGE 2.2,EN_NPi2020_800,C3,P2a
AIM/CGE 2.2,EN_NPi2020_800f,C3,P2a
AIM/CGE 2.2,EN_NPi2020_900,C3,P2a
AIM/CGE 2.2,EN_NPi2020_900f,C3,P2a
AIM/CGE 2.2,EN_NPi2100,C7,P1b
AIM/Hub-Global 2.0,1.5C,C1,P2a
AIM/Hub-Global 2.0,2.5C,C6,P2a
AIM/Hub-Global 2.0,2C,C5,P2a
AIM/Hub-Global 2.0,Baseline,C7,P1a
AIM/Hub-Global 2.0,WB2C,C3,P2a
C-ROADS-5.005,Ratchet-1.5-allCDR,C2,P2
C-ROADS-5.005,Ratchet-1.5-limCDR,C2,P2
C-ROADS-5.005,Ratchet-1.5-limCDR-noOS,C1,P2
C-ROADS-5.005,Ratchet-1.5-noCDR,C1,P2
C-ROADS-5.005,Ratchet-1.5-noCDR-noOS,C1,P2
COFFEE 1.1,CO_2Deg2020,C4,P2a
COFFEE 1.1,CO_2Deg2030,C4,P3b
COFFEE 1.1,CO_BAU,C7,P1a
COFFEE 1.1,CO_Bridge,C3,P3c
COFFEE 1.1,CO_CurPol,C6,P1b
COFFEE 1.1,CO_GPP,C5,P1d
COFFEE 1.1,CO_NDCplus,C6,P1c
COFFEE 1.1,EN_INDCi2030_1000,C4,P3b
COFFEE 1.1,EN_INDCi2030_1000_NDCp,C4,P3b
COFFEE 1.1,EN_INDCi2030_1000f,C5,P3b
COFFEE 1.1,EN_INDCi2030_1200,C4,P3b
COFFEE 1.1,EN_INDCi2030_1200f,C5,P3b
COFFEE 1.1,EN_INDCi2030_1400,C5,P3b
COFFEE 1.1,EN_INDCi2030_1400f,C5,P3b
COFFEE 1.1,EN_INDCi2030_1600,C5,P3b
COFFEE 1.1,EN_INDCi2030_1600f,C5,P3b
COFFEE 1.1,EN_INDCi2030_1800,C5,P3b
COFFEE 1.1,EN_INDCi2030_1800f,C5,P3b
COFFEE 1.1,EN_INDCi2030_2000,C5,P3b
COFFEE 1.1,EN_INDCi2030_2000f,C5,P3b
COFFEE 1.1,EN_INDCi2030_2500,C6,P3b
COFFEE 1.1,EN_INDCi2030_2500f,C6,P3b
COFFEE 1.1,EN_INDCi2030_400f,C2,P3b
COFFEE 1.1,EN_INDCi2030_500,C3,P3b
COFFEE 1.1,EN_INDCi2030_500f,C2,P3b
COFFEE 1.1,EN_INDCi2030_600,C3,P3b
COFFEE 1.1,EN_INDCi2030_600_NDCp,C3,P3b
COFFEE 1.1,EN_INDCi2030_600f,C4,P3b
COFFEE 1.1,EN_INDCi2030_700,C3,P3b
COFFEE 1.1,EN_INDCi2030_700f,C4,P3b
COFFEE 1.1,EN_INDCi2030_800,C3,P3b
COFFEE 1.1,EN_INDCi2030_800f,C4,P3b
COFFEE 1.1,EN_INDCi2030_900,C3,P3b
COFFEE 1.1,EN_INDCi2030_900f,C4,P3b
COFFEE 1.1,EN_INDCi2100,C6,P1c
COFFEE 1.1,EN_INDCi2100_COV_NDCp,C6,P1c
COFFEE 1.1,EN_NPi2020_1000,C4,P2c
COFFEE 1.1,EN_NPi2020_1000f,C5,P2c
COFFEE 1.1,EN_NPi2020_1200,C4,P2c
COFFEE 1.1,EN_NPi2020_1200f,C5,P2c
COFFEE 1.1,EN_NPi2020_1400,C5,P2c
COFFEE 1.1,EN_NPi2020_1400f,C5,P2c
COFFEE 1.1,EN_NPi2020_1600,C5,P2c
COFFEE 1.1,EN_NPi2020_1600f,C5,P2c
COFFEE 1.1,EN_NPi2020_1800,C5,P2c
COFFEE 1.1,EN_NPi2020_1800f,C5,P2c
COFFEE 1.1,EN_NPi2020_2000,C5,P2c
COFFEE 1.1,EN_NPi2020_2000f,C5,P2c
COFFEE 1.1,EN_NPi2020_2500,C6,P2c
COFFEE 1.1,EN_NPi2020_2500f,C6,P2c
COFFEE 1.1,EN_NPi2020_400,C1,P2c
COFFEE 1.1,EN_NPi2020_400_lowBECCS,C3,P2c
COFFEE 1.1,EN_NPi2020_400f,C2,P2c
COFFEE 1.1,EN_NPi2020_400f_lowBECCS,C3,P2c
COFFEE 1.1,EN_NPi2020_500,C3,P2c
COFFEE 1.1,EN_NPi2020_500f,C2,P2c
COFFEE 1.1,EN_NPi2020_600,C3,P2c
COFFEE 1.1,EN_NPi2020_600f,C4,P2c
COFFEE 1.1,EN_NPi2020_700,C3,P2c
COFFEE 1.1,EN_NPi2020_700f,C4,P2c
COFFEE 1.1,EN_NPi2020_800,C3,P2c
COFFEE 1.1,EN_NPi2020_800f,C4,P2c
COFFEE 1.1,EN_NPi2020_900,C3,P2c
COFFEE 1.1,EN_NPi2020_900f,C4,P2c
COFFEE 1.1,EN_NPi2100,C6,P1b
EPPA 6,2CNow_Gradual,C4,P2
EPPA 6,Paris1.5C_OptTax,C3,P3b
EPPA 6,Paris2C_Gradual,C4,P3b
EPPA 6,Paris2C_OptTax,C4,P3b
EPPA 6,ParisFlat,C6,P1c
EPPA 6,ParisForever,C7,P1c
EPPA 6,Ref,C7,P1a
GCAM 4.2,SSP1-19,C1,P2a
GCAM 4.2,SSP4-Baseline,C7,P1a
GCAM 5.2,"NGFS1_Current policies (Hot house world, Rep)",C7,P1b
GCAM 5.2,"NGFS1_Immediate 2C with CDR (Orderly, Rep)",C4,P2
GCAM 5.3,NGFS2_Below 2°C,C3,P2
GCAM 5.3,NGFS2_Current Policies,C7,P1b
GCAM 5.3,NGFS2_Delayed Transition,C4,P3a
GCAM 5.3,NGFS2_Divergent Net Zero Policies,C2,P2c
GCAM 5.3,NGFS2_Nationally Determined Contributions (NDCs),C5,P1c
GCAM 5.3,NGFS2_Net-Zero 2050,C2,P2c
GCAM 5.3,R_BAU,C7,P1a
GCAM 5.3,R_MAC_30_n0,C1,P2a
GCAM 5.3,R_MAC_35_n0,C3,P2a
GCAM 5.3,R_MAC_35_n8,C1,P2a
GCAM 5.3,R_MAC_40_n0,C3,P2a
GCAM 5.3,R_MAC_40_n8,C1,P2a
GCAM 5.3,R_MAC_45_n0,C3,P2a
GCAM 5.3,R_MAC_45_n8,C1,P2a
GCAM 5.3,R_MAC_50_n0,C3,P2a
GCAM 5.3,R_MAC_50_n8,C1,P2a
GCAM 5.3,R_MAC_55_n0,C3,P2a
GCAM 5.3,R_MAC_55_n8,C2,P2a
GCAM 5.3,R_MAC_60_n0,C3,P2a
GCAM 5.3,R_MAC_60_n8,C2,P2a
GCAM 5.3,R_MAC_65_n0,C3,P2a
GCAM 5.3,R_MAC_65_n8,C3,P2a
GCAM 5.3,R_MAC_70_n0,C4,P2a
GCAM 5.3,R_MAC_70_n8,C3,P2a
GCAM 5.3,R_MAC_75_n0,C4,P2a
GCAM 5.3,R_MAC_75_n8,C3,P2a
GCAM 5.3,R_MAC_80_n0,C4,P2a
GCAM 5.3,R_MAC_80_n8,C4,P2a
GCAM 5.3,R_MAC_85_n0,C5,P2a
GCAM 5.3,R_MAC_85_n8,C4,P2a
GCAM 5.3,R_MAC_90_n0,C5,P2a
GCAM 5.3,R_MAC_90_n8,C4,P2a
GCAM 5.3,R_MAC_95_n0,C5,P2a
GCAM 5.3,R_MAC_95_n8,C4,P2a
GCAM 5.3,R_MAC_99_n0,C5,P2a
GCAM 5.3,R_MAC_99_n8,C5,P2a
GCAM 5.3,SSP_SSP2,C3,P2a
GCAM 5.3,SSP_SSP3,C2,P2a
GCAM 5.3,SSP_SSP4,C2,P2a
GCAM 5.3,SSP_SSP5,C3,P2a
GCAM-PR 5.3,PR_CP_PriceOnly,C7,P0_3a
GCAM-PR 5.3,PR_NDC_PriceOnly,C6,P0_3b
GCAM-PR 5.3,PR_baseline,C7,P1a
GEM-E3_V2021,EN_INDCi2030_1000,C3,P3b
GEM-E3_V2021,EN_INDCi2030_1000_COV,C3,P3b
GEM-E3_V2021,EN_INDCi2030_1000_COV_NDCp,C3,P3b
GEM-E3_V2021,EN_INDCi2030_1000_NDCp,C3,P3b
GEM-E3_V2021,EN_INDCi2030_1000f,C4,P3b
GEM-E3_V2021,EN_INDCi2030_1000f_COV,C3,P3b
GEM-E3_V2021,EN_INDCi2030_1000f_COV_NDCp,C3,P3b
GEM-E3_V2021,EN_INDCi2030_1000f_NDCp,C4,P3b
GEM-E3_V2021,EN_INDCi2030_1400,C4,P3b
GEM-E3_V2021,EN_INDCi2030_1400f,C4,P3b
GEM-E3_V2021,EN_INDCi2030_1800,C5,P3b
GEM-E3_V2021,EN_INDCi2030_1800f,C5,P3b
GEM-E3_V2021,EN_INDCi2030_600f,C2,P3b
GEM-E3_V2021,EN_INDCi2030_600f_COV,C2,P3b
GEM-E3_V2021,EN_INDCi2030_600f_COV_NDCp,C2,P3b
GEM-E3_V2021,EN_INDCi2030_600f_NDCp,C2,P3b
GEM-E3_V2021,EN_INDCi2030_800,C3,P3b
GEM-E3_V2021,EN_INDCi2030_800f,C2,P3b
GEM-E3_V2021,EN_INDCi2100,C7,P1c
GEM-E3_V2021,EN_INDCi2100_COV,C6,P1c
GEM-E3_V2021,EN_INDCi2100_COV_NDCp,C6,P1c
GEM-E3_V2021,EN_INDCi2100_NDCp,C6,P1c
GEM-E3_V2021,EN_NPi2020_1000,C3,P2a
GEM-E3_V2021,EN_NPi2020_1000_COV,C3,P2a
GEM-E3_V2021,EN_NPi2020_1000f,C4,P2a
GEM-E3_V2021,EN_NPi2020_1000f_COV,C3,P2a
GEM-E3_V2021,EN_NPi2020_1400,C5,P2a
GEM-E3_V2021,EN_NPi2020_1400f,C4,P2a
GEM-E3_V2021,EN_NPi2020_1800,C5,P2a
GEM-E3_V2021,EN_NPi2020_1800f,C5,P2a
GEM-E3_V2021,EN_NPi2020_400f,C2,P2a
GEM-E3_V2021,EN_NPi2020_500,C1,P2a
GEM-E3_V2021,EN_NPi2020_500f,C2,P2a
GEM-E3_V2021,EN_NPi2020_600,C2,P2a
GEM-E3_V2021,EN_NPi2020_600_COV,C1,P2a
GEM-E3_V2021,EN_NPi2020_600f,C2,P2a
GEM-E3_V2021,EN_NPi2020_600f_COV,C2,P2a
GEM-E3_V2021,EN_NPi2020_800,C3,P2a
GEM-E3_V2021,EN_NPi2020_800f,C3,P2a
GEM-E3_V2021,EN_NPi2100,C7,P1b
GEM-E3_V2021,EN_NPi2100_COV,C7,P1b
IMAGE 3.0,CO_2Deg2020,C3,P2a
IMAGE 3.0,CO_2Deg2030,C3,P3b
IMAGE 3.0,CO_BAU,C7,P1a
IMAGE 3.0,CO_Bridge,C3,P3c
IMAGE 3.0,CO_CurPol,C7,P1b
IMAGE 3.0,CO_GPP,C5,P1d
IMAGE 3.0,CO_NDCplus,C7,P1c
IMAGE 3.0,EN_INDCi2030_1000,C4,P3b
IMAGE 3.0,EN_INDCi2030_1000f,C4,P3b
IMAGE 3.0,EN_INDCi2030_1200,C4,P3b
IMAGE 3.0,EN_INDCi2030_1200f,C4,P3b
IMAGE 3.0,EN_INDCi2030_1400,C5,P3b
IMAGE 3.0,EN_INDCi2030_1400f,C4,P3b
IMAGE 3.0,EN_INDCi2030_3000,C6,P3b
IMAGE 3.0,EN_INDCi2030_3000f,C6,P3b
IMAGE 3.0,EN_INDCi2030_800f,C3,P3b
IMAGE 3.0,EN_INDCi2100,C7,P1c
IMAGE 3.0,EN_NPi2020_1000,C3,P2a
IMAGE 3.0,EN_NPi2020_1000f,C3,P2a
IMAGE 3.0,EN_NPi2020_1200,C4,P2a
IMAGE 3.0,EN_NPi2020_1200f,C4,P2a
IMAGE 3.0,EN_NPi2020_1400,C4,P2a
IMAGE 3.0,EN_NPi2020_1400f,C4,P2a
IMAGE 3.0,EN_NPi2020_3000,C6,P2a
IMAGE 3.0,EN_NPi2020_3000f,C6,P2a
IMAGE 3.0,EN_NPi2020_600f,C3,P2a
IMAGE 3.0,EN_NPi2020_800,C3,P2a
IMAGE 3.0,EN_NPi2020_800f,C3,P2a
IMAGE 3.0,EN_NPi2100,C7,P1b
IMAGE 3.0,EN_NoPolicy,C7,P1a
IMAGE 3.0.1,ADVANCE_2020_1.5C-2100,C2,P2a
IMAGE 3.0.1,ADVANCE_2020_Med2C,C4,P2a
IMAGE 3.0.1,ADVANCE_2020_WB2C,C3,P2a
IMAGE 3.0.1,ADVANCE_2030_Med2C,C4,P3b
IMAGE 3.0.1,ADVANCE_2030_WB2C,C3,P3b
IMAGE 3.0.1,ADVANCE_INDC,C6,P1c
IMAGE 3.0.1,ADVANCE_NoPolicy,C7,P1a
IMAGE 3.0.1,ADVANCE_Reference,C7,P1b
IMAGE 3.0.1,CD-LINKS_INDC2030i_1600,C4,P3b
IMAGE 3.0.1,CD-LINKS_INDCi,C7,P1c
IMAGE 3.0.1,CD-LINKS_NDC2030i_1000,C3,P3b
IMAGE 3.0.1,CD-LINKS_NPi,C7,P1b
IMAGE 3.0.1,CD-LINKS_NPi2020_1000,C3,P2a
IMAGE 3.0.1,CD-LINKS_NPi2020_1600,C4,P2a
IMAGE 3.0.1,CD-LINKS_NPi2020_400,C2,P2a
IMAGE 3.0.1,CD-LINKS_NoPolicy,C7,P1a
IMAGE 3.0.1,EMF30_BCOC-EndU,C7,P1d
IMAGE 3.0.1,EMF30_Baseline,C7,P1a
IMAGE 3.0.1,EMF30_CH4-Only,C7,P1d
IMAGE 3.0.1,EMF30_ClimPolicy,C3,P2
IMAGE 3.0.1,EMF30_ClimPolicy+SLCF,C3,P2c
IMAGE 3.0.1,EMF30_D_BCOC-Red,C7,P0_1d
IMAGE 3.0.1,EMF30_D_CH4-ClimPolicy,C7,P0_1d
IMAGE 3.0.1,EMF30_D_CO2-Only,C5,P0_1d
IMAGE 3.0.1,EMF30_D_Frozen-CH4,C7,P0_1a
IMAGE 3.0.1,EMF30_D_Frozen-EF,C7,P0_1a
IMAGE 3.0.1,EMF30_D_Frozen-EF-EndU,C7,P0_1a
IMAGE 3.0.1,EMF30_D_Frozen-EF-SLCF,C7,P0_1a
IMAGE 3.0.1,EMF30_SLCF,C7,P1d
IMAGE 3.0.1,EMF30_Slower-Action,C6,P1c
IMAGE 3.0.1,EMF30_Slower-Action+SLCF,C6,P1d
IMAGE 3.0.1,EMF30_Slower-to-faster,C4,P3b
IMAGE 3.0.1,EMF30_Slower-to-faster+SLCF,C3,P3c
IMAGE 3.0.1,EMF30_Slower-to-faster+SLCF+HFC,C3,P3c
IMAGE 3.0.1,SSP1-26,C3,P2a
IMAGE 3.0.1,SSP1-34,C5,P2a
IMAGE 3.0.1,SSP1-45,C6,P2a
IMAGE 3.0.1,SSP1-Baseline,C7,P1a
IMAGE 3.0.1,SSP2-26,C3,P2a
IMAGE 3.0.1,SSP2-34,C5,P2a
IMAGE 3.0.1,SSP2-45,C6,P2a
IMAGE 3.0.1,SSP2-60,C7,P2a
IMAGE 3.0.1,SSP2-Baseline,C7,P1a
IMAGE 3.0.1,SSP3-34,C5,P2a
IMAGE 3.0.1,SSP3-45,C6,P2a
IMAGE 3.0.1,SSP3-60,C7,P2a
IMAGE 3.0.1,SSP3-Baseline,C7,P1a
IMAGE 3.0.1,SSP4-26,C3,P2a
IMAGE 3.0.1,SSP4-34,C5,P2a
IMAGE 3.0.1,SSP4-45,C6,P2a
IMAGE 3.0.1,SSP4-60,C7,P2a
IMAGE 3.0.1,SSP4-Baseline,C7,P1a
IMAGE 3.0.1,SSP5-34,C5,P2a
IMAGE 3.0.1,SSP5-45,C6,P2a
IMAGE 3.0.1,SSP5-60,C7,P2a
IMAGE 3.0.2,EMF33_Baseline,C7,P1a
IMAGE 3.0.2,EMF33_Med2C_cost100,C5,P2b
IMAGE 3.0.2,EMF33_Med2C_full,C5,P2b
IMAGE 3.0.2,EMF33_Med2C_limbio,C5,P2b
IMAGE 3.0.2,EMF33_Med2C_nobeccs,C4,P2b
IMAGE 3.0.2,EMF33_Med2C_nofuel,C4,P2b
IMAGE 3.0.2,EMF33_Med2C_none,C4,P2b
IMAGE 3.0.2,EMF33_WB2C_cost100,C3,P2b
IMAGE 3.0.2,EMF33_WB2C_full,C3,P2b
IMAGE 3.0.2,EMF33_WB2C_limbio,C3,P2b
IMAGE 3.0.2,EMF33_WB2C_nobeccs,C3,P2b
IMAGE 3.0.2,EMF33_WB2C_nofuel,C3,P2b
IMAGE 3.0.2,EMF33_tax_hi_full,C4,P2a
IMAGE 3.0.2,EMF33_tax_hi_none,C5,P2a
IMAGE 3.0.2,EMF33_tax_lo_full,C5,P2a
IMAGE 3.0.2,EMF33_tax_lo_none,C5,P2a
IMAGE 3.2,SSP1-baseline,C7,P1a
IMAGE 3.2,SSP1_SPA1_19I_D,C2,P2
IMAGE 3.2,SSP1_SPA1_19I_D_LB,C1,P2
IMAGE 3.2,SSP1_SPA1_19I_LI,C2,P2
IMAGE 3.2,SSP1_SPA1_19I_LIRE,C2,P2
IMAGE 3.2,SSP1_SPA1_19I_LIRE_LB,C1,P2
IMAGE 3.2,SSP1_SPA1_19I_RE,C2,P2
IMAGE 3.2,SSP1_SPA1_19I_RE_LB,C1,P2
IMAGE 3.2,SSP1_SPA1_26I_D,C3,P2
IMAGE 3.2,SSP1_SPA1_26I_LI,C3,P2
IMAGE 3.2,SSP1_SPA1_26I_LIRE,C3,P2
IMAGE 3.2,SSP1_SPA1_26I_RE,C3,P2
IMAGE 3.2,SSP1_SPA1_34I_D,C5,P2
IMAGE 3.2,SSP1_SPA1_34I_LI,C5,P2
IMAGE 3.2,SSP1_SPA1_34I_LIRE,C5,P2
IMAGE 3.2,SSP1_SPA1_34I_RE,C5,P2
IMAGE 3.2,SSP2-baseline,C7,P1a
IMAGE 3.2,SSP2_SPA0_26I_D,C3,P2
IMAGE 3.2,SSP2_SPA1_19I_D_LB,C1,P2
IMAGE 3.2,SSP2_SPA1_19I_LIRE_LB,C1,P2
IMAGE 3.2,SSP2_SPA1_19I_RE_LB,C1,P2
IMAGE 3.2,SSP2_SPA2_19I_D,C2,P2
IMAGE 3.2,SSP2_SPA2_19I_LI,C1,P2
IMAGE 3.2,SSP2_SPA2_19I_LIRE,C2,P2
IMAGE 3.2,SSP2_SPA2_19I_RE,C2,P2
IMAGE 3.2,SSP2_SPA2_26I_D,C3,P2
IMAGE 3.2,SSP2_SPA2_26I_LI,C3,P2
IMAGE 3.2,SSP2_SPA2_26I_LIRE,C3,P2
IMAGE 3.2,SSP2_SPA2_26I_RE,C3,P2
IMAGE 3.2,SSP2_SPA2_34I_D,C5,P2
IMAGE 3.2,SSP2_SPA2_34I_LI,C5,P2
IMAGE 3.2,SSP2_SPA2_34I_LIRE,C5,P2
IMAGE 3.2,SSP2_SPA2_34I_RE,C5,P2
IMAGE 3.2,SSP2_SPA2_45I_D,C6,P2
IMAGE 3.2,SSP2_SPA2_45I_LI,C6,P2
IMAGE 3.2,SSP2_SPA2_45I_LIRE,C6,P2
IMAGE 3.2,SSP2_SPA2_45I_RE,C6,P2
IMAGE 3.2,SSP3-baseline,C7,P1a
IMAGE 3.2,SSP4-baseline,C7,P1a
MERGE-ETL 6.0,DAC2_66,C4,P2
MESSAGE-GLOBIOM 1.0,ADVANCE_2020_1.5C-2100,C1,P2a
MESSAGE-GLOBIOM 1.0,ADVANCE_2020_Med2C,C4,P2a
MESSAGE-GLOBIOM 1.0,ADVANCE_2020_WB2C,C3,P2a
MESSAGE-GLOBIOM 1.0,ADVANCE_2030_Med2C,C4,P3b
MESSAGE-GLOBIOM 1.0,ADVANCE_2030_Price1.5C,C2,P3b
MESSAGE-GLOBIOM 1.0,ADVANCE_2030_WB2C,C3,P3b
MESSAGE-GLOBIOM 1.0,ADVANCE_INDC,C5,P1c
MESSAGE-GLOBIOM 1.0,ADVANCE_Reference,C6,P1b
MESSAGE-GLOBIOM 1.0,EMF30_BCOC-EndU,C7,P1d
MESSAGE-GLOBIOM 1.0,EMF30_Baseline,C7,P1a
MESSAGE-GLOBIOM 1.0,EMF30_D_BCOC-Red,C7,P0_1d
MESSAGE-GLOBIOM 1.0,EMF30_D_CH4-ClimPolicy,C7,P0_1d
MESSAGE-GLOBIOM 1.0,EMF30_D_Frozen-CH4,C7,P0_1a
MESSAGE-GLOBIOM 1.0,EMF30_D_Frozen-EF,C7,P0_1a
MESSAGE-GLOBIOM 1.0,EMF30_D_Frozen-EF-EndU,C7,P0_1a
MESSAGE-GLOBIOM 1.0,EMF30_D_Frozen-EF-SLCF,C7,P0_1a
MESSAGE-GLOBIOM 1.0,EMF30_Slower-Action,C5,P1c
MESSAGE-GLOBIOM 1.0,EMF30_Slower-to-faster,C2,P3b
MESSAGE-GLOBIOM 1.0,EMF33_1.5C_cost100,C1,P2b
MESSAGE-GLOBIOM 1.0,EMF33_1.5C_full,C1,P2b
MESSAGE-GLOBIOM 1.0,EMF33_Baseline,C7,P1a
MESSAGE-GLOBIOM 1.0,EMF33_Med2C_cost100,C4,P2b
MESSAGE-GLOBIOM 1.0,EMF33_Med2C_full,C4,P2b
MESSAGE-GLOBIOM 1.0,EMF33_Med2C_limbio,C4,P2b
MESSAGE-GLOBIOM 1.0,EMF33_Med2C_nobeccs,C3,P2b
MESSAGE-GLOBIOM 1.0,EMF33_Med2C_nofuel,C4,P2b
MESSAGE-GLOBIOM 1.0,EMF33_Med2C_none,C3,P2b
MESSAGE-GLOBIOM 1.0,EMF33_WB2C_cost100,C2,P2b
MESSAGE-GLOBIOM 1.0,EMF33_WB2C_full,C2,P2b
MESSAGE-GLOBIOM 1.0,EMF33_WB2C_limbio,C2,P2b
MESSAGE-GLOBIOM 1.0,EMF33_WB2C_nofuel,C2,P2b
MESSAGE-GLOBIOM 1.0,EMF33_tax_hi_full,C3,P2a
MESSAGE-GLOBIOM 1.0,EMF33_tax_hi_none,C4,P2a
MESSAGE-GLOBIOM 1.0,EMF33_tax_lo_full,C5,P2a
MESSAGE-GLOBIOM 1.0,EMF33_tax_lo_none,C5,P2a
MESSAGE-GLOBIOM 1.0,SSP1-26,C4,P2a
MESSAGE-GLOBIOM 1.0,SSP1-34,C5,P2a
MESSAGE-GLOBIOM 1.0,SSP1-45,C6,P2a
MESSAGE-GLOBIOM 1.0,SSP1-Baseline,C7,P1a
MESSAGE-GLOBIOM 1.0,SSP2-19,C1,P2a
MESSAGE-GLOBIOM 1.0,SSP2-26,C3,P2a
MESSAGE-GLOBIOM 1.0,SSP2-34,C5,P2a
MESSAGE-GLOBIOM 1.0,SSP2-45,C6,P2a
MESSAGE-GLOBIOM 1.0,SSP2-60,C7,P2a
MESSAGE-GLOBIOM 1.0,SSP2-Baseline,C7,P1a
MESSAGE-GLOBIOM 1.0,SSP3-34,C4,P2a
MESSAGE-GLOBIOM 1.0,SSP3-45,C5,P2a
MESSAGE-GLOBIOM 1.0,SSP3-60,C6,P2a
MESSAGEix-GLOBIOM 1.0,CD-LINKS_INDC2030i_1600,C4,P3b
MESSAGEix-GLOBIOM 1.0,CD-LINKS_INDCi,C7,P1c
MESSAGEix-GLOBIOM 1.0,CD-LINKS_NDC2030i_1000,C2,P3b
MESSAGEix-GLOBIOM 1.0,CD-LINKS_NPi,C7,P1b
MESSAGEix-GLOBIOM 1.0,CD-LINKS_NPi2020_1000,C2,P2a
MESSAGEix-GLOBIOM 1.0,CD-LINKS_NPi2020_1600,C4,P2a
MESSAGEix-GLOBIOM 1.0,CD-LINKS_NPi2020_400,C1,P2a
MESSAGEix-GLOBIOM 1.0,CD-LINKS_NoPolicy,C7,P1a
MESSAGEix-GLOBIOM 1.0,LowEnergyDemand_1.3_IPCC,C1,P2b
MESSAGEix-GLOBIOM_1.1,EN_NPi2020_200f,C2,P2a
MESSAGEix-GLOBIOM_1.1,EN_NPi2020_300f,C2,P2a
MESSAGEix-GLOBIOM_1.1,EN_NPi2020_400f,C2,P2a
MESSAGEix-GLOBIOM_1.1,EN_NPi2020_450f,C2,P2a
MESSAGEix-GLOBIOM_1.1,EN_NPi2020_450,C1,P2a
MESSAGEix-GLOBIOM_1.1,EN_NPi2020_500f,C2,P2a
MESSAGEix-GLOBIOM_1.1,EN_NPi2020_500,C1,P2a
MESSAGEix-GLOBIOM_1.1,EN_NPi2020_600f_DR10p,C2,P0_2
MESSAGEix-GLOBIOM_1.1,EN_INDCi2030_600f_COV_NDCp,C2,P3b
MESSAGEix-GLOBIOM_1.1,EN_INDCi2030_600f_COV,C2,P3b
MESSAGEix-GLOBIOM_1.1,NGFS2_Divergent Net Zero Policies,C1,P2c
MESSAGEix-GLOBIOM_1.1,EN_NPi2020_600f_COV,C2,P2a
MESSAGEix-GLOBIOM_1.1,EN_NPi2020_600f,C2,P2a
MESSAGEix-GLOBIOM_1.1,EN_NPi2020_600f_DR4p,C2,P0_2
MESSAGEix-GLOBIOM_1.1,NGFS2_Net-Zero 2050,C1,P2c
MESSAGEix-GLOBIOM_1.1,EN_NPi2020_600_DR10p,C2,P0_2
MESSAGEix-GLOBIOM_1.1,EN_NPi2020_600f_DR3p,C2,P0_2
MESSAGEix-GLOBIOM_1.1,EN_NPi2020_600_COV,C1,P2a
MESSAGEix-GLOBIOM_1.1,EN_NPi2020_600_DR4p,C1,P0_2
MESSAGEix-GLOBIOM_1.1,EN_NPi2020_600_DR3p,C1,P0_2
MESSAGEix-GLOBIOM_1.1,EN_NPi2020_600,C2,P2a
MESSAGEix-GLOBIOM_1.1,EN_NPi2020_600_DR2p,C1,P0_2
MESSAGEix-GLOBIOM_1.1,EN_NPi2020_600_DR1p,C1,P0_2
MESSAGEix-GLOBIOM_1.1,EN_NPi2020_600f_DR2p,C2,P0_2
MESSAGEix-GLOBIOM_1.1,EN_NPi2020_600f_DR1p,C2,P0_2
MESSAGEix-GLOBIOM_1.1,EN_INDCi2030_700f_NDCp,C2,P3b
MESSAGEix-GLOBIOM_1.1,EN_INDCi2030_700f,C2,P3b
MESSAGEix-GLOBIOM_1.1,EN_INDCi2030_700f_COV,C2,P3b
MESSAGEix-GLOBIOM_1.1,EN_INDCi2030_700f_COV_NDCp,C2,P3b
MESSAGEix-GLOBIOM_1.1,EN_NPi2020_700f_COV,C2,P2a
MESSAGEix-GLOBIOM_1.1,EN_NPi2020_700f,C2,P2a
MESSAGEix-GLOBIOM_1.1,EN_NPi2020_700_COV,C2,P2a
MESSAGEix-GLOBIOM_1.1,EN_NPi2020_700,C2,P2a
MESSAGEix-GLOBIOM_1.1,EN_INDCi2030_800f_NDCp,C3,P3b
MESSAGEix-GLOBIOM_1.1,EN_INDCi2030_800f,C3,P3b
MESSAGEix-GLOBIOM_1.1,EN_INDCi2030_800f_COV_NDCp,C3,P3b
MESSAGEix-GLOBIOM_1.1,NGFS2_Delayed Transition,C3,P3a
MESSAGEix-GLOBIOM_1.1,EN_INDCi2030_800f_COV,C3,P3b
MESSAGEix-GLOBIOM_1.1,EN_NPi2020_800f,C3,P2a
MESSAGEix-GLOBIOM_1.1,EN_NPi2020_800f_COV,C3,P2a
MESSAGEix-GLOBIOM_1.1,EN_NPi2020_800_COV,C3,P2a
MESSAGEix-GLOBIOM_1.1,EN_NPi2020_800,C3,P2a
MESSAGEix-GLOBIOM_1.1,EN_INDCi2030_900f_NDCp,C3,P3b
MESSAGEix-GLOBIOM_1.1,EN_INDCi2030_900f_COV_NDCp,C3,P3b
MESSAGEix-GLOBIOM_1.1,EN_INDCi2030_900f,C3,P3b
MESSAGEix-GLOBIOM_1.1,EN_INDCi2030_900f_COV,C3,P3b
MESSAGEix-GLOBIOM_1.1,EN_NPi2020_900f,C3,P2a
MESSAGEix-GLOBIOM_1.1,EN_NPi2020_900f_COV,C3,P2a
MESSAGEix-GLOBIOM_1.1,EN_NPi2020_900_COV,C3,P2a
MESSAGEix-GLOBIOM_1.1,EN_NPi2020_900,C3,P2a
MESSAGEix-GLOBIOM_1.1,EN_INDCi2030_950f_COV_NDCp,C3,P3b
MESSAGEix-GLOBIOM_1.1,EN_INDCi2030_950f_COV,C3,P3b
MESSAGEix-GLOBIOM_1.1,EN_INDCi2030_950_COV,C3,P3b
MESSAGEix-GLOBIOM_1.1,EN_INDCi2030_950_COV_NDCp,C3,P3b
MESSAGEix-GLOBIOM_1.1,EN_NPi2020_1000f_DR10p,C4,P0_2
MESSAGEix-GLOBIOM_1.1,EN_INDCi2030_1000f_NDCp,C4,P3b
MESSAGEix-GLOBIOM_1.1,EN_INDCi2030_1000f_COV,C3,P3b
MESSAGEix-GLOBIOM_1.1,EN_INDCi2030_1000f,C4,P3b
MESSAGEix-GLOBIOM_1.1,EN_INDCi2030_1000f_COV_NDCp,C3,P3b
MESSAGEix-GLOBIOM_1.1,EN_INDCi2030_1000_COV_NDCp,C3,P3b
MESSAGEix-GLOBIOM_1.1,EN_INDCi2030_1000_COV,C3,P3b
MESSAGEix-GLOBIOM_1.1,EN_NPi2020_1000_DR10p,C3,P0_2
MESSAGEix-GLOBIOM_1.1,EN_INDCi2030_1000_NDCp,C3,P3b
MESSAGEix-GLOBIOM_1.1,EN_INDCi2030_1000,C3,P3b
MESSAGEix-GLOBIOM_1.1,EN_NPi2020_1000f_COV,C3,P2a
MESSAGEix-GLOBIOM_1.1,NGFS2_Below 2°C,C3,P2
MESSAGEix-GLOBIOM_1.1,EN_NPi2020_1000f,C3,P2a
MESSAGEix-GLOBIOM_1.1,EN_NPi2020_1000f_DR4p,C3,P0_2
MESSAGEix-GLOBIOM_1.1,EN_NPi2020_1000_COV,C3,P2a
MESSAGEix-GLOBIOM_1.1,EN_NPi2020_1000,C3,P2a
MESSAGEix-GLOBIOM_1.1,EN_NPi2020_1000_DR4p,C3,P0_2
MESSAGEix-GLOBIOM_1.1,EN_NPi2020_1000_DR3p,C3,P0_2
MESSAGEix-GLOBIOM_1.1,EN_NPi2020_1000_DR2p,C3,P0_2
MESSAGEix-GLOBIOM_1.1,EN_NPi2020_1000_DR1p,C3,P0_2
MESSAGEix-GLOBIOM_1.1,EN_NPi2020_1000f_DR3p,C3,P0_2
MESSAGEix-GLOBIOM_1.1,EN_NPi2020_1000f_DR2p,C3,P0_2
MESSAGEix-GLOBIOM_1.1,EN_NPi2020_1000f_DR1p,C3,P0_2
MESSAGEix-GLOBIOM_1.1,EN_INDCi2030_1200f,C4,P3b
MESSAGEix-GLOBIOM_1.1,EN_INDCi2030_1200f_NDCp,C4,P3b
MESSAGEix-GLOBIOM_1.1,EN_INDCi2030_1200_COV,C3,P3b
MESSAGEix-GLOBIOM_1.1,EN_INDCi2030_1200_COV_NDCp,C3,P3b
MESSAGEix-GLOBIOM_1.1,EN_NPi2020_1200_COV,C3,P2a
MESSAGEix-GLOBIOM_1.1,EN_INDCi2030_1200_NDCp,C4,P3b
MESSAGEix-GLOBIOM_1.1,EN_INDCi2030_1200,C4,P3b
MESSAGEix-GLOBIOM_1.1,EN_NPi2020_1200,C3,P2a
MESSAGEix-GLOBIOM_1.1,EN_INDCi2030_1200f_COV_NDCp,C4,P3b
MESSAGEix-GLOBIOM_1.1,EN_NPi2020_1200f_COV,C4,P2a
MESSAGEix-GLOBIOM_1.1,EN_INDCi2030_1200f_COV,C4,P3b
MESSAGEix-GLOBIOM_1.1,EN_NPi2020_1200f,C4,P2a
MESSAGEix-GLOBIOM_1.1,EN_INDCi2030_1400f,C4,P3b
MESSAGEix-GLOBIOM_1.1,EN_INDCi2030_1400f_NDCp,C4,P3b
MESSAGEix-GLOBIOM_1.1,EN_INDCi2030_1400_COV_NDCp,C4,P3b
MESSAGEix-GLOBIOM_1.1,EN_INDCi2030_1400_COV,C4,P3b
MESSAGEix-GLOBIOM_1.1,EN_NPi2020_1400_COV,C4,P2a
MESSAGEix-GLOBIOM_1.1,EN_NPi2020_1400,C4,P2a
MESSAGEix-GLOBIOM_1.1,EN_INDCi2030_1400_NDCp,C4,P3b
MESSAGEix-GLOBIOM_1.1,EN_INDCi2030_1400f_COV,C4,P3b
MESSAGEix-GLOBIOM_1.1,EN_INDCi2030_1400,C4,P3b
MESSAGEix-GLOBIOM_1.1,EN_NPi2020_1400f_COV,C4,P2a
MESSAGEix-GLOBIOM_1.1,EN_INDCi2030_1400f_COV_NDCp,C4,P3b
MESSAGEix-GLOBIOM_1.1,EN_NPi2020_1400f,C4,P2a
MESSAGEix-GLOBIOM_1.1,EN_NPi2020_1600_COV,C4,P2a
MESSAGEix-GLOBIOM_1.1,EN_INDCi2030_1600_COV_NDCp,C4,P3b
MESSAGEix-GLOBIOM_1.1,EN_NPi2020_1600,C4,P2a
MESSAGEix-GLOBIOM_1.1,EN_INDCi2030_1600_COV,C4,P3b
MESSAGEix-GLOBIOM_1.1,EN_INDCi2030_1600f_COV_NDCp,C5,P3b
MESSAGEix-GLOBIOM_1.1,EN_NPi2020_1600f,C5,P2a
MESSAGEix-GLOBIOM_1.1,EN_NPi2020_1600f_COV,C4,P2a
MESSAGEix-GLOBIOM_1.1,EN_INDCi2030_1600_NDCp,C5,P3b
MESSAGEix-GLOBIOM_1.1,EN_INDCi2030_1600,C5,P3b
MESSAGEix-GLOBIOM_1.1,EN_INDCi2030_1600f_NDCp,C5,P3b
MESSAGEix-GLOBIOM_1.1,EN_INDCi2030_1600f,C5,P3b
MESSAGEix-GLOBIOM_1.1,EN_INDCi2030_1600f_COV,C5,P3b
MESSAGEix-GLOBIOM_1.1,EN_NPi2020_1800_COV,C5,P2a
MESSAGEix-GLOBIOM_1.1,EN_INDCi2030_1800_COV,C5,P3b
MESSAGEix-GLOBIOM_1.1,EN_NPi2020_1800f_COV,C5,P2a
MESSAGEix-GLOBIOM_1.1,EN_INDCi2030_1800_NDCp,C5,P3b
MESSAGEix-GLOBIOM_1.1,EN_INDCi2030_1800_COV_NDCp,C5,P3b
MESSAGEix-GLOBIOM_1.1,EN_INDCi2030_1800,C5,P3b
MESSAGEix-GLOBIOM_1.1,EN_NPi2020_1800,C5,P2a
MESSAGEix-GLOBIOM_1.1,EN_INDCi2030_1800f_COV,C5,P3b
MESSAGEix-GLOBIOM_1.1,EN_INDCi2030_1800f_COV_NDCp,C5,P3b
MESSAGEix-GLOBIOM_1.1,EN_NPi2020_1800f,C5,P2a
MESSAGEix-GLOBIOM_1.1,EN_INDCi2030_1800f_NDCp,C5,P3b
MESSAGEix-GLOBIOM_1.1,EN_INDCi2030_1800f,C5,P3b
MESSAGEix-GLOBIOM_1.1,EN_NPi2020_2000_COV,C5,P2a
MESSAGEix-GLOBIOM_1.1,EN_NPi2020_2000,C5,P2a
MESSAGEix-GLOBIOM_1.1,EN_NPi2020_2000f_COV,C5,P2a
MESSAGEix-GLOBIOM_1.1,EN_INDCi2030_2000_COV,C5,P3b
MESSAGEix-GLOBIOM_1.1,EN_INDCi2030_2000_COV_NDCp,C5,P3b
MESSAGEix-GLOBIOM_1.1,EN_NPi2020_2000f,C5,P2a
MESSAGEix-GLOBIOM_1.1,EN_INDCi2030_2000f_COV_NDCp,C5,P3b
MESSAGEix-GLOBIOM_1.1,EN_INDCi2030_2000f_COV,C5,P3b
MESSAGEix-GLOBIOM_1.1,EN_INDCi2030_2000_NDCp,C5,P3b
MESSAGEix-GLOBIOM_1.1,EN_INDCi2030_2000,C5,P3b
MESSAGEix-GLOBIOM_1.1,EN_INDCi2030_2000f_NDCp,C5,P3b
MESSAGEix-GLOBIOM_1.1,EN_INDCi2030_2000f,C5,P3b
MESSAGEix-GLOBIOM_1.1,EN_NPi2020_2500,C5,P2a
MESSAGEix-GLOBIOM_1.1,EN_NPi2020_2500_COV,C5,P2a
MESSAGEix-GLOBIOM_1.1,EN_NPi2020_2500f,C5,P2a
MESSAGEix-GLOBIOM_1.1,EN_NPi2020_2500f_COV,C5,P2a
MESSAGEix-GLOBIOM_1.1,EN_INDCi2030_2500_COV,C5,P3b
MESSAGEix-GLOBIOM_1.1,EN_INDCi2030_2500_COV_NDCp,C5,P3b
MESSAGEix-GLOBIOM_1.1,EN_INDCi2030_2500_NDCp,C5,P3b
MESSAGEix-GLOBIOM_1.1,EN_INDCi2030_2500f_COV,C5,P3b
MESSAGEix-GLOBIOM_1.1,EN_INDCi2030_2500,C5,P3b
MESSAGEix-GLOBIOM_1.1,EN_INDCi2030_2500f_COV_NDCp,C5,P3b
MESSAGEix-GLOBIOM_1.1,EN_INDCi2030_2500f_NDCp,C5,P3b
MESSAGEix-GLOBIOM_1.1,EN_INDCi2030_2500f,C5,P3b
MESSAGEix-GLOBIOM_1.1,NGFS2_Nationally Determined Contributions (NDCs),C5,P1c
MESSAGEix-GLOBIOM_1.1,EN_NPi2020_3000f_COV,C6,P2a
MESSAGEix-GLOBIOM_1.1,EN_NPi2020_3000_COV,C6,P2a
MESSAGEix-GLOBIOM_1.1,EN_NPi2020_3000f,C6,P2a
MESSAGEix-GLOBIOM_1.1,EN_NPi2020_3000,C6,P2a
MESSAGEix-GLOBIOM_1.1,EN_INDCi2030_3000_COV_NDCp,C6,P3b
MESSAGEix-GLOBIOM_1.1,EN_INDCi2030_3000_COV,C6,P3b
MESSAGEix-GLOBIOM_1.1,EN_INDCi2030_3000f_NDCp,C6,P3b
MESSAGEix-GLOBIOM_1.1,EN_INDCi2030_3000_NDCp,C6,P3b
MESSAGEix-GLOBIOM_1.1,EN_INDCi2030_3000f_COV_NDCp,C6,P3b
MESSAGEix-GLOBIOM_1.1,EN_INDCi2030_3000f_COV,C6,P3b
MESSAGEix-GLOBIOM_1.1,EN_INDCi2030_3000f,C6,P3b
MESSAGEix-GLOBIOM_1.1,EN_INDCi2030_3000,C6,P3b
MESSAGEix-GLOBIOM_1.1,EN_INDCi2100_COV_NDCp,C6,P1c
MESSAGEix-GLOBIOM_1.1,EN_INDCi2100_COV,C6,P1c
MESSAGEix-GLOBIOM_1.1,EN_INDCi2100_NDCp,C6,P1c
MESSAGEix-GLOBIOM_1.1,EN_INDCi2100,C6,P1c
MESSAGEix-GLOBIOM_1.1,NGFS2_Current Policies,C7,P1b
MESSAGEix-GLOBIOM_1.1,EN_NPi2100_COV,C7,P1b
MESSAGEix-GLOBIOM_1.1,EN_NPi2100,C7,P1b
MESSAGEix-GLOBIOM_1.1,EN_NoPolicy,C7,P1a
MESSAGEix-GLOBIOM_1.2,COV_GreenPush,C7,P0_1d
MESSAGEix-GLOBIOM_1.2,COV_GreenPush_1000,C3,P0_2
MESSAGEix-GLOBIOM_1.2,COV_GreenPush_550,C1,P0_2
MESSAGEix-GLOBIOM_1.2,COV_GreenPush_max_GDP,C7,P0_1d
MESSAGEix-GLOBIOM_1.2,COV_GreenPush_min_GDP,C7,P0_1d
MESSAGEix-GLOBIOM_1.2,COV_NoPolicyNoCOVID,C7,P0_1a
MESSAGEix-GLOBIOM_1.2,COV_NoPolicyNoCOVID_1000,C3,P0_2
MESSAGEix-GLOBIOM_1.2,COV_NoPolicyNoCOVID_550,C1,P0_2
MESSAGEix-GLOBIOM_1.2,COV_Restore,C7,P0_1d
MESSAGEix-GLOBIOM_1.2,COV_Restore_1000,C3,P0_2
MESSAGEix-GLOBIOM_1.2,COV_Restore_550,C1,P0_2
MESSAGEix-GLOBIOM_1.2,COV_SelfReliance,C7,P0_1d
MESSAGEix-GLOBIOM_1.2,COV_SelfReliance_1000,C3,P0_2
MESSAGEix-GLOBIOM_1.2,COV_SelfReliance_550,C1,P0_2
MESSAGEix-GLOBIOM_1.2,COV_SelfReliance_max_GDP,C7,P0_1d
MESSAGEix-GLOBIOM_1.2,COV_SelfReliance_min_GDP,C7,P0_1d
MESSAGEix-GLOBIOM_1.2,COV_SmartUse,C7,P0_1d
MESSAGEix-GLOBIOM_1.2,COV_SmartUse_1000,C3,P0_2
MESSAGEix-GLOBIOM_1.2,COV_SmartUse_550,C1,P0_2
MESSAGEix-GLOBIOM_GEI 1.0,SSP2_int_lc_15,C5,P2b
MESSAGEix-GLOBIOM_GEI 1.0,SSP2_int_lc_50,C3,P2b
MESSAGEix-GLOBIOM_GEI 1.0,SSP2_int_mc_15,C5,P2b
MESSAGEix-GLOBIOM_GEI 1.0,SSP2_int_mc_50,C2,P2b
MESSAGEix-GLOBIOM_GEI 1.0,SSP2_noint_lc_15,C5,P2b
MESSAGEix-GLOBIOM_GEI 1.0,SSP2_noint_lc_50,C3,P2b
MESSAGEix-GLOBIOM_GEI 1.0,SSP2_noint_mc_15,C5,P2b
MESSAGEix-GLOBIOM_GEI 1.0,SSP2_noint_mc_50,C2,P2b
MESSAGEix-GLOBIOM_GEI 1.0,SSP2_openres_lc_100,C2,P2b
MESSAGEix-GLOBIOM_GEI 1.0,SSP2_openres_lc_120,C2,P2b
MESSAGEix-GLOBIOM_GEI 1.0,SSP2_openres_lc_15,C5,P2b
MESSAGEix-GLOBIOM_GEI 1.0,SSP2_openres_lc_50,C3,P2b
MESSAGEix-GLOBIOM_GEI 1.0,SSP2_openres_lc_80,C2,P2b
MESSAGEix-GLOBIOM_GEI 1.0,SSP2_openres_lc_CB400,C2,P2b
MESSAGEix-GLOBIOM_GEI 1.0,SSP2_openres_lc_CB450,C2,P2b
MESSAGEix-GLOBIOM_GEI 1.0,SSP2_openres_lc_CB500,C2,P2b
MESSAGEix-GLOBIOM_GEI 1.0,SSP2_openres_lc_CB550,C2,P2b
MESSAGEix-GLOBIOM_GEI 1.0,SSP2_openres_lc_CB600,C2,P2b
MESSAGEix-GLOBIOM_GEI 1.0,SSP2_openres_mc_15,C5,P2b
MESSAGEix-GLOBIOM_GEI 1.0,SSP2_openres_mc_50,C2,P2b
POLES ADVANCE,ADVANCE_2020_1.5C-2100,C1,P2a
POLES ADVANCE,ADVANCE_2020_Med2C,C3,P2a
POLES ADVANCE,ADVANCE_2020_WB2C,C2,P2a
POLES ADVANCE,ADVANCE_2030_1.5C-2100,C2,P3b
POLES ADVANCE,ADVANCE_2030_Med2C,C3,P3b
POLES ADVANCE,ADVANCE_2030_Price1.5C,C2,P3b
POLES ADVANCE,ADVANCE_2030_WB2C,C2,P3b
POLES ADVANCE,ADVANCE_INDC,C5,P1c
POLES ADVANCE,ADVANCE_NoPolicy,C7,P1a
POLES ADVANCE,ADVANCE_Reference,C7,P1b
POLES CD-LINKS,CD-LINKS_NoPolicy,C7,P1a
POLES EMF30,EMF30_BCOC-EndU,C7,P1d
POLES EMF30,EMF30_Baseline,C7,P1a
POLES EMF30,EMF30_D_BCOC-Red,C7,P0_1d
POLES EMF30,EMF30_D_CO2-Only,C4,P0_1d
POLES EMF30,EMF30_D_Frozen-CH4,C7,P0_1a
POLES EMF30,EMF30_D_Frozen-EF,C7,P0_1a
POLES EMF30,EMF30_D_Frozen-EF-EndU,C7,P0_1a
POLES EMF30,EMF30_D_Frozen-EF-SLCF,C7,P0_1a
POLES EMF30,EMF30_Slower-to-faster,C2,P3b
POLES EMF33,EMF33_Baseline,C7,P1a
POLES EMF33,EMF33_Med2C_cost100,C3,P2b
POLES EMF33,EMF33_Med2C_full,C3,P2b
POLES EMF33,EMF33_Med2C_limbio,C3,P2b
POLES EMF33,EMF33_Med2C_nobeccs,C3,P2b
POLES EMF33,EMF33_Med2C_nofuel,C3,P2b
POLES EMF33,EMF33_Med2C_none,C3,P2b
POLES EMF33,EMF33_WB2C_cost100,C1,P2b
POLES EMF33,EMF33_WB2C_full,C1,P2b
POLES EMF33,EMF33_WB2C_nofuel,C1,P2b
POLES EMF33,EMF33_tax_hi_full,C4,P2a
POLES EMF33,EMF33_tax_hi_none,C4,P2a
POLES EMF33,EMF33_tax_lo_full,C5,P2a
POLES EMF33,EMF33_tax_lo_none,C5,P2a
POLES ENGAGE,EN_INDCi2030_1000,C4,P3b
POLES ENGAGE,EN_INDCi2030_1000_COV,C4,P3b
POLES ENGAGE,EN_INDCi2030_1000_COV_NDCp,C4,P3b
POLES ENGAGE,EN_INDCi2030_1000_NDCp,C4,P3b
POLES ENGAGE,EN_INDCi2030_1000f,C4,P3b
POLES ENGAGE,EN_INDCi2030_1000f_COV,C4,P3b
POLES ENGAGE,EN_INDCi2030_1000f_COV_NDCp,C4,P3b
POLES ENGAGE,EN_INDCi2030_1000f_NDCp,C4,P3b
POLES ENGAGE,EN_INDCi2030_1200,C4,P3b
POLES ENGAGE,EN_INDCi2030_1200f,C4,P3b
POLES ENGAGE,EN_INDCi2030_1400,C5,P3b
POLES ENGAGE,EN_INDCi2030_1400f,C5,P3b
POLES ENGAGE,EN_INDCi2030_1600,C5,P3b
POLES ENGAGE,EN_INDCi2030_1600f,C5,P3b
POLES ENGAGE,EN_INDCi2030_1800,C5,P3b
POLES ENGAGE,EN_INDCi2030_1800f,C5,P3b
POLES ENGAGE,EN_INDCi2030_2000,C5,P3b
POLES ENGAGE,EN_INDCi2030_2000f,C5,P3b
POLES ENGAGE,EN_INDCi2030_2500,C6,P3b
POLES ENGAGE,EN_INDCi2030_2500f,C6,P3b
POLES ENGAGE,EN_INDCi2030_3000,C6,P3b
POLES ENGAGE,EN_INDCi2030_3000f,C6,P3b
POLES ENGAGE,EN_INDCi2030_300f,C2,P3b
POLES ENGAGE,EN_INDCi2030_400f,C2,P3b
POLES ENGAGE,EN_INDCi2030_500f,C3,P3b
POLES ENGAGE,EN_INDCi2030_600f,C3,P3b
POLES ENGAGE,EN_INDCi2030_600f_COV,C3,P3b
POLES ENGAGE,EN_INDCi2030_600f_COV_NDCp,C3,P3b
POLES ENGAGE,EN_INDCi2030_600f_NDCp,C3,P3b
POLES ENGAGE,EN_INDCi2030_700f,C3,P3b
POLES ENGAGE,EN_INDCi2030_800f,C4,P3b
POLES ENGAGE,EN_INDCi2030_900,C3,P3b
POLES ENGAGE,EN_INDCi2030_900f,C4,P3b
POLES ENGAGE,EN_INDCi2100,C7,P1c
POLES ENGAGE,EN_INDCi2100_COV,C7,P1c
POLES ENGAGE,EN_INDCi2100_COV_NDCp,C6,P1c
POLES ENGAGE,EN_INDCi2100_NDCp,C6,P1c
POLES ENGAGE,EN_NPi2020_1000,C4,P2a
POLES ENGAGE,EN_NPi2020_1000_COV,C4,P2a
POLES ENGAGE,EN_NPi2020_1000f,C4,P2a
POLES ENGAGE,EN_NPi2020_1000f_COV,C4,P2a
POLES ENGAGE,EN_NPi2020_1200,C4,P2a
POLES ENGAGE,EN_NPi2020_1200f,C4,P2a
POLES ENGAGE,EN_NPi2020_1400,C5,P2a
POLES ENGAGE,EN_NPi2020_1400f,C5,P2a
POLES ENGAGE,EN_NPi2020_1600,C5,P2a
POLES ENGAGE,EN_NPi2020_1600f,C5,P2a
POLES ENGAGE,EN_NPi2020_1800,C5,P2a
POLES ENGAGE,EN_NPi2020_1800f,C5,P2a
POLES ENGAGE,EN_NPi2020_2000,C5,P2a
POLES ENGAGE,EN_NPi2020_2000f,C5,P2a
POLES ENGAGE,EN_NPi2020_2500,C6,P2a
POLES ENGAGE,EN_NPi2020_2500f,C6,P2a
POLES ENGAGE,EN_NPi2020_3000,C6,P2a
POLES ENGAGE,EN_NPi2020_3000f,C6,P2a
POLES ENGAGE,EN_NPi2020_300f,C2,P2a
POLES ENGAGE,EN_NPi2020_400f,C2,P2a
POLES ENGAGE,EN_NPi2020_500,C3,P2a
POLES ENGAGE,EN_NPi2020_500f,C3,P2a
POLES ENGAGE,EN_NPi2020_600,C3,P2a
POLES ENGAGE,EN_NPi2020_600f,C3,P2a
POLES ENGAGE,EN_NPi2020_600f_COV,C3,P2a
POLES ENGAGE,EN_NPi2020_700,C3,P2a
POLES ENGAGE,EN_NPi2020_700f,C3,P2a
POLES ENGAGE,EN_NPi2020_800,C3,P2a
POLES ENGAGE,EN_NPi2020_800f,C4,P2a
POLES ENGAGE,EN_NPi2020_900,C3,P2a
POLES ENGAGE,EN_NPi2020_900f,C4,P2a
POLES ENGAGE,EN_NPi2100,C7,P1b
POLES ENGAGE,EN_NPi2100_COV,C7,P1b
POLES GECO2019,CO_2Deg2020,C3,P2a
POLES GECO2019,CO_2Deg2030,C3,P3b
POLES GECO2019,CO_BAU,C7,P1a
POLES GECO2019,CO_Bridge,C2,P3c
POLES GECO2019,CO_Bridge_notax,C4,P0
POLES GECO2019,CO_CurPol,C7,P1b
POLES GECO2019,CO_GPP,C5,P1d
POLES GECO2019,CO_GPP_notax,C7,P0_1d
POLES GECO2019,CO_NDC_2050convergence,C6,P1d
POLES GECO2019,CO_NDCplus,C7,P1c
REMIND 1.6,EMF30_BCOC-EndU,C7,P1d
REMIND 1.6,EMF30_Baseline,C7,P1a
REMIND 1.6,EMF30_CH4-Only,C7,P1d
REMIND 1.6,EMF30_D_BCOC-Red,C7,P0_1d
REMIND 1.6,EMF30_D_CH4-ClimPolicy,C7,P0_1d
REMIND 1.6,EMF30_D_Frozen-EF-EndU,C7,P0_1a
REMIND 1.6,EMF30_SLCF,C7,P1d
REMIND 1.6,EMF30_Slower-Action,C7,P1c
REMIND 1.6,EMF30_Slower-Action+SLCF,C6,P1d
REMIND 1.6,EMF30_Slower-to-faster,C3,P3b
REMIND 1.6,EMF30_Slower-to-faster+SLCF,C3,P3c
REMIND 1.6,EMF30_Slower-to-faster+SLCF+HFC,C3,P3c
REMIND 1.7,ADVANCE_2020_1.5C-2100,C1,P2a
REMIND 1.7,ADVANCE_2020_Med2C,C3,P2a
REMIND 1.7,ADVANCE_2020_WB2C,C2,P2a
REMIND 1.7,ADVANCE_2030_1.5C-2100,C2,P3b
REMIND 1.7,ADVANCE_2030_Med2C,C4,P3b
REMIND 1.7,ADVANCE_2030_Price1.5C,C2,P3b
REMIND 1.7,ADVANCE_2030_WB2C,C2,P3b
REMIND 1.7,ADVANCE_INDC,C6,P1c
REMIND 1.7,ADVANCE_NoPolicy,C7,P1a
REMIND 1.7,ADVANCE_Reference,C7,P1b
REMIND 1.7,CEMICS-1.5-CDR12,C1,P2
REMIND 1.7,CEMICS-1.5-CDR20,C1,P2
REMIND 1.7,CEMICS-1.5-CDR8,C1,P2
REMIND 1.7,CEMICS-2.0-CDR12,C2,P2
REMIND 1.7,CEMICS-2.0-CDR20,C2,P2
REMIND 1.7,CEMICS-2.0-CDR8,C1,P2
REMIND 1.7,CEMICS-Ref,C7,P1
REMIND 2.1,CEMICS_GDPgrowth_1p5,C1,P2a
REMIND 2.1,CEMICS_GDPgrowth_2C,C3,P2a
REMIND 2.1,CEMICS_HotellingConst_1p5,C1,P2a
REMIND 2.1,CEMICS_HotellingConst_2C,C3,P2a
REMIND 2.1,CEMICS_Linear_1p5,C1,P2a
REMIND 2.1,CEMICS_Linear_2C,C3,P2a
REMIND 2.1,CEMICS_NPI,C7,P1b
REMIND 2.1,CEMICS_opt_1p5,C1,P2a
REMIND 2.1,CEMICS_opt_2C,C3,P2a
REMIND 2.1,LeastTotalCost_Base_brkLR15_SSP1_P50,C6,P1a
REMIND 2.1,LeastTotalCost_Base_brkLR15_SSP2_P50,C7,P1a
REMIND 2.1,LeastTotalCost_Base_brkSR15_SSP1_P50,C6,P1a
REMIND 2.1,LeastTotalCost_Base_brkSR15_SSP2_P50,C7,P1a
REMIND 2.1,LeastTotalCost_CBA_brkLR15_SSP2_P50,C3,P4
REMIND 2.1,LeastTotalCost_CBA_brkSR15_SSP2_P50,C3,P4
REMIND 2.1,LeastTotalCost_CEA_brkLR15_SSP2_P50,C3,P2a
REMIND 2.1,LeastTotalCost_CEA_brkSR15_SSP2_P50,C3,P2a
REMIND 2.1,LeastTotalCost_LTC_brkLR15_SSP1_P50,C1,P2c
REMIND 2.1,LeastTotalCost_LTC_brkLR15_SSP2_P50,C3,P2c
REMIND 2.1,LeastTotalCost_LTC_brkLR15_SSP5_P50,C3,P2c
REMIND 2.1,LeastTotalCost_LTC_brkSR15_SSP1_P50,C2,P2c
REMIND 2.1,LeastTotalCost_LTC_brkSR15_SSP2_P50,C3,P2c
REMIND 2.1,LeastTotalCost_LTC_brkSR15_SSP5_P50,C3,P2c
REMIND 2.1,LeastTotalCost_NDC_brkLR15_SSP2_P50,C5,P1c
REMIND 2.1,LeastTotalCost_NDC_brkSR15_SSP2_P50,C5,P1c
REMIND 2.1,LeastTotalCost_NPi_brkLR15_SSP1_P50,C5,P1b
REMIND 2.1,LeastTotalCost_NPi_brkLR15_SSP2_P50,C7,P1b
REMIND 2.1,LeastTotalCost_NPi_brkSR15_SSP1_P50,C5,P1b
REMIND 2.1,LeastTotalCost_NPi_brkSR15_SSP2_P50,C7,P1b
REMIND 2.1,R2p1_SSP1-Base,C6,P1a
REMIND 2.1,R2p1_SSP1-NDC,C5,P1c
REMIND 2.1,R2p1_SSP1-NPi,C5,P1b
REMIND 2.1,R2p1_SSP1-PkBudg1100,C2,P2a
REMIND 2.1,R2p1_SSP1-PkBudg1300,C2,P2a
REMIND 2.1,R2p1_SSP1-PkBudg900,C1,P2a
REMIND 2.1,R2p1_SSP2-Base,C7,P1a
REMIND 2.1,R2p1_SSP2-NDC,C5,P1c
REMIND 2.1,R2p1_SSP2-NPi,C7,P1b
REMIND 2.1,R2p1_SSP2-PkBudg1100,C3,P2a
REMIND 2.1,R2p1_SSP2-PkBudg1300,C3,P2a
REMIND 2.1,R2p1_SSP2-PkBudg900,C1,P2a
REMIND 2.1,R2p1_SSP5-NDC,C7,P1c
REMIND 2.1,R2p1_SSP5-PkBudg1100,C2,P2a
REMIND 2.1,R2p1_SSP5-PkBudg1300,C3,P2a
REMIND 2.1,R2p1_SSP5-PkBudg900,C1,P2a
REMIND 2.1,TechCost-SSP2-B1100-bioH,C3,P2a
REMIND 2.1,TechCost-SSP2-B1100-ccsH,C3,P2a
REMIND 2.1,TechCost-SSP2-B1100-coalH,C3,P2a
REMIND 2.1,TechCost-SSP2-B1100-elh2H,C3,P2a
REMIND 2.1,TechCost-SSP2-B1100-gasH,C3,P2a
REMIND 2.1,TechCost-SSP2-B1100-nucH,C3,P2a
REMIND 2.1,TechCost-SSP2-B1100-oilH,C3,P2a
REMIND 2.1,TechCost-SSP2-B1100-spvH,C3,P2a
REMIND 2.1,TechCost-SSP2-B1100-windH,C3,P2a
REMIND-Buildings 2.0,BEG-Base,C7,P1a
REMIND-Buildings 2.0,BEG-Budg600,C2,P2
REMIND-Buildings 2.0,BEG-Budg600-EG,C2,P2c
REMIND-Buildings 2.0,BEG-EG,C7,P1d
REMIND-MAgPIE 1.5,SSP1-19,C2,P2a
REMIND-MAgPIE 1.5,SSP1-26,C4,P2a
REMIND-MAgPIE 1.5,SSP1-34,C5,P2a
REMIND-MAgPIE 1.5,SSP1-45,C6,P2a
REMIND-MAgPIE 1.5,SSP1-Baseline,C7,P1a
REMIND-MAgPIE 1.5,SSP2-19,C1,P2a
REMIND-MAgPIE 1.5,SSP2-26,C3,P2a
REMIND-MAgPIE 1.5,SSP2-34,C5,P2a
REMIND-MAgPIE 1.5,SSP2-45,C6,P2a
REMIND-MAgPIE 1.5,SSP2-60,C7,P2a
REMIND-MAgPIE 1.5,SSP2-Baseline,C7,P1a
REMIND-MAgPIE 1.5,SSP5-19,C2,P2a
REMIND-MAgPIE 1.5,SSP5-26,C4,P2a
REMIND-MAgPIE 1.5,SSP5-34,C5,P2a
REMIND-MAgPIE 1.5,SSP5-45,C6,P2a
REMIND-MAgPIE 1.5,SSP5-60,C7,P2a
REMIND-MAgPIE 1.7-3.0,CD-LINKS_INDC2030i_1000,C2,P3b
REMIND-MAgPIE 1.7-3.0,CD-LINKS_INDC2030i_1600,C4,P3b
REMIND-MAgPIE 1.7-3.0,CD-LINKS_INDC2030i_400,C2,P3b
REMIND-MAgPIE 1.7-3.0,CD-LINKS_INDCi,C7,P1c
REMIND-MAgPIE 1.7-3.0,CD-LINKS_NDC2030i_1000,C3,P3b
REMIND-MAgPIE 1.7-3.0,CD-LINKS_NPi,C7,P1b
REMIND-MAgPIE 1.7-3.0,CD-LINKS_NPi2020_1000,C2,P2a
REMIND-MAgPIE 1.7-3.0,CD-LINKS_NPi2020_1600,C4,P2a
REMIND-MAgPIE 1.7-3.0,CD-LINKS_NPi2020_400,C1,P2a
REMIND-MAgPIE 1.7-3.0,CD-LINKS_NoPolicy,C7,P1a
REMIND-MAgPIE 1.7-3.0,CO_2Deg2020,C2,P2a
REMIND-MAgPIE 1.7-3.0,CO_2Deg2030,C2,P3b
REMIND-MAgPIE 1.7-3.0,CO_BAU,C7,P1a
REMIND-MAgPIE 1.7-3.0,CO_Bridge,C2,P3c
REMIND-MAgPIE 1.7-3.0,CO_CurPol,C7,P1b
REMIND-MAgPIE 1.7-3.0,CO_GPP,C5,P1d
REMIND-MAgPIE 1.7-3.0,CO_NDCplus,C7,P1c
REMIND-MAgPIE 1.7-3.0,EMF33_1.5C_cost100,C2,P2b
REMIND-MAgPIE 1.7-3.0,EMF33_1.5C_full,C2,P2b
REMIND-MAgPIE 1.7-3.0,EMF33_1.5C_nofuel,C1,P2b
REMIND-MAgPIE 1.7-3.0,EMF33_Med2C_cost100,C4,P2b
REMIND-MAgPIE 1.7-3.0,EMF33_Med2C_full,C5,P2b
REMIND-MAgPIE 1.7-3.0,EMF33_Med2C_limbio,C3,P2b
REMIND-MAgPIE 1.7-3.0,EMF33_Med2C_nobeccs,C4,P2b
REMIND-MAgPIE 1.7-3.0,EMF33_Med2C_nofuel,C4,P2b
REMIND-MAgPIE 1.7-3.0,EMF33_Med2C_none,C4,P2b
REMIND-MAgPIE 1.7-3.0,EMF33_WB2C_cost100,C3,P2b
REMIND-MAgPIE 1.7-3.0,EMF33_WB2C_full,C3,P2b
REMIND-MAgPIE 1.7-3.0,EMF33_WB2C_limbio,C3,P2b
REMIND-MAgPIE 1.7-3.0,EMF33_WB2C_nobeccs,C3,P2b
REMIND-MAgPIE 1.7-3.0,EMF33_WB2C_nofuel,C3,P2b
REMIND-MAgPIE 1.7-3.0,EMF33_WB2C_none,C3,P2b
REMIND-MAgPIE 1.7-3.0,EMF33_tax_hi_full,C3,P2a
REMIND-MAgPIE 1.7-3.0,EMF33_tax_hi_none,C4,P2a
REMIND-MAgPIE 1.7-3.0,EMF33_tax_lo_full,C5,P2a
REMIND-MAgPIE 1.7-3.0,EMF33_tax_lo_none,C5,P2a
REMIND-MAgPIE 1.7-3.0,PEP_1p5C_full_NDC,C2,P3b
REMIND-MAgPIE 1.7-3.0,PEP_1p5C_full_eff,C1,P2
REMIND-MAgPIE 1.7-3.0,PEP_1p5C_full_goodpractice,C2,P3c
REMIND-MAgPIE 1.7-3.0,PEP_1p5C_full_netzero,C2,P3c
REMIND-MAgPIE 1.7-3.0,PEP_1p5C_red_eff,C1,P2
REMIND-MAgPIE 1.7-3.0,PEP_2C_full_NDC,C2,P3b
REMIND-MAgPIE 1.7-3.0,PEP_2C_full_eff,C2,P2
REMIND-MAgPIE 1.7-3.0,PEP_2C_full_goodpractice,C2,P3c
REMIND-MAgPIE 1.7-3.0,PEP_2C_full_netzero,C2,P3c
REMIND-MAgPIE 1.7-3.0,PEP_2C_red_NDC,C2,P3b
REMIND-MAgPIE 1.7-3.0,PEP_2C_red_eff,C1,P2
REMIND-MAgPIE 1.7-3.0,PEP_2C_red_goodpractice,C2,P3c
REMIND-MAgPIE 1.7-3.0,PEP_2C_red_netzero,C2,P3c
REMIND-MAgPIE 1.7-3.0,PEP_NDC,C7,P1c
REMIND-MAgPIE 1.7-3.0,PEP_NPi,C7,P1b
REMIND-MAgPIE 1.7-3.0,PEP_NoPolicy,C7,P1a
REMIND-MAgPIE 1.7-3.0,PEP_goodpractice,C6,P1d
REMIND-MAgPIE 1.7-3.0,PEP_netzero,C5,P1d
REMIND-MAgPIE 1.7-3.0,SMP_2C_lifesty,C1,P2
REMIND-MAgPIE 1.7-3.0,SMP_REF_Def,C7,P1
REMIND-MAgPIE 1.7-3.0,SMP_REF_Sust,C7,P1
REMIND-MAgPIE 2.0-4.1,Diff_1300Gt_hybrid_def,C3,P2b
REMIND-MAgPIE 2.0-4.1,Diff_1300Gt_no-transfer_def,C3,P2a
REMIND-MAgPIE 2.0-4.1,Diff_1300Gt_uniform-pricing_def,C3,P2b
REMIND-MAgPIE 2.0-4.1,Diff_No-policy_baseline,C7,P1a
REMIND-MAgPIE 2.1-4.2,CEMICS_SSP1-1p5C-fullCDR,C1,P2a
REMIND-MAgPIE 2.1-4.2,CEMICS_SSP1-1p5C-minCDR,C1,P2a
REMIND-MAgPIE 2.1-4.2,CEMICS_SSP1-Npi,C6,P1b
REMIND-MAgPIE 2.1-4.2,CEMICS_SSP2-1p5C-fullCDR,C1,P2a
REMIND-MAgPIE 2.1-4.2,CEMICS_SSP2-1p5C-minCDR,C1,P2a
REMIND-MAgPIE 2.1-4.2,CEMICS_SSP2-2C-fullCDR,C3,P2a
REMIND-MAgPIE 2.1-4.2,CEMICS_SSP2-2C-minCDR,C3,P2a
REMIND-MAgPIE 2.1-4.2,CEMICS_SSP2-Npi,C7,P1b
REMIND-MAgPIE 2.1-4.2,EN_INDCi2030_1000,C3,P3b
REMIND-MAgPIE 2.1-4.2,EN_INDCi2030_1000_COV,C3,P3b
REMIND-MAgPIE 2.1-4.2,EN_INDCi2030_1000_COV_NDCp,C3,P3b
REMIND-MAgPIE 2.1-4.2,EN_INDCi2030_1000_NDCp,C3,P3b
REMIND-MAgPIE 2.1-4.2,EN_INDCi2030_1000f,C3,P3b
REMIND-MAgPIE 2.1-4.2,EN_INDCi2030_1000f_COV,C3,P3b
REMIND-MAgPIE 2.1-4.2,EN_INDCi2030_1000f_COV_NDCp,C3,P3b
REMIND-MAgPIE 2.1-4.2,EN_INDCi2030_1000f_NDCp,C3,P3b
REMIND-MAgPIE 2.1-4.2,EN_INDCi2030_1200,C3,P3b
REMIND-MAgPIE 2.1-4.2,EN_INDCi2030_1200f,C3,P3b
REMIND-MAgPIE 2.1-4.2,EN_INDCi2030_1400,C4,P3b
REMIND-MAgPIE 2.1-4.2,EN_INDCi2030_1400f,C4,P3b
REMIND-MAgPIE 2.1-4.2,EN_INDCi2030_1600,C5,P3b
REMIND-MAgPIE 2.1-4.2,EN_INDCi2030_1600f,C5,P3b
REMIND-MAgPIE 2.1-4.2,EN_INDCi2030_1800,C5,P3b
REMIND-MAgPIE 2.1-4.2,EN_INDCi2030_1800f,C5,P3b
REMIND-MAgPIE 2.1-4.2,EN_INDCi2030_2000,C5,P3b
REMIND-MAgPIE 2.1-4.2,EN_INDCi2030_2000f,C5,P3b
REMIND-MAgPIE 2.1-4.2,EN_INDCi2030_2500,C6,P3b
REMIND-MAgPIE 2.1-4.2,EN_INDCi2030_2500f,C6,P3b
REMIND-MAgPIE 2.1-4.2,EN_INDCi2030_3000,C6,P3b
REMIND-MAgPIE 2.1-4.2,EN_INDCi2030_3000f,C6,P3b
REMIND-MAgPIE 2.1-4.2,EN_INDCi2030_300f,C2,P3b
REMIND-MAgPIE 2.1-4.2,EN_INDCi2030_400f,C2,P3b
REMIND-MAgPIE 2.1-4.2,EN_INDCi2030_500f,C2,P3b
REMIND-MAgPIE 2.1-4.2,EN_INDCi2030_600_COV,C2,P3b
REMIND-MAgPIE 2.1-4.2,EN_INDCi2030_600_COV_NDCp,C2,P3b
REMIND-MAgPIE 2.1-4.2,EN_INDCi2030_600f,C2,P3b
REMIND-MAgPIE 2.1-4.2,EN_INDCi2030_600f_COV,C2,P3b
REMIND-MAgPIE 2.1-4.2,EN_INDCi2030_600f_COV_NDCp,C2,P3b
REMIND-MAgPIE 2.1-4.2,EN_INDCi2030_600f_NDCp,C2,P3b
REMIND-MAgPIE 2.1-4.2,EN_INDCi2030_700,C3,P3b
REMIND-MAgPIE 2.1-4.2,EN_INDCi2030_700f,C3,P3b
REMIND-MAgPIE 2.1-4.2,EN_INDCi2030_800,C3,P3b
REMIND-MAgPIE 2.1-4.2,EN_INDCi2030_800f,C3,P3b
REMIND-MAgPIE 2.1-4.2,EN_INDCi2030_900,C3,P3b
REMIND-MAgPIE 2.1-4.2,EN_INDCi2030_900f,C3,P3b
REMIND-MAgPIE 2.1-4.2,EN_INDCi2100,C5,P1c
REMIND-MAgPIE 2.1-4.2,EN_INDCi2100_COV,C5,P1c
REMIND-MAgPIE 2.1-4.2,EN_INDCi2100_COV_NDCp,C5,P1c
REMIND-MAgPIE 2.1-4.2,EN_INDCi2100_NDCp,C5,P1c
REMIND-MAgPIE 2.1-4.2,EN_NPi2020_1000,C3,P2a
REMIND-MAgPIE 2.1-4.2,EN_NPi2020_1000_COV,C3,P2a
REMIND-MAgPIE 2.1-4.2,EN_NPi2020_1000f,C3,P2a
REMIND-MAgPIE 2.1-4.2,EN_NPi2020_1000f_COV,C3,P2a
REMIND-MAgPIE 2.1-4.2,EN_NPi2020_1200,C3,P2a
REMIND-MAgPIE 2.1-4.2,EN_NPi2020_1200f,C3,P2a
REMIND-MAgPIE 2.1-4.2,EN_NPi2020_1400,C4,P2a
REMIND-MAgPIE 2.1-4.2,EN_NPi2020_1400f,C4,P2a
REMIND-MAgPIE 2.1-4.2,EN_NPi2020_1600,C4,P2a
REMIND-MAgPIE 2.1-4.2,EN_NPi2020_1600f,C4,P2a
REMIND-MAgPIE 2.1-4.2,EN_NPi2020_1800,C5,P2a
REMIND-MAgPIE 2.1-4.2,EN_NPi2020_1800f,C5,P2a
REMIND-MAgPIE 2.1-4.2,EN_NPi2020_2000,C5,P2a
REMIND-MAgPIE 2.1-4.2,EN_NPi2020_2000f,C5,P2a
REMIND-MAgPIE 2.1-4.2,EN_NPi2020_200f,C1,P2a
REMIND-MAgPIE 2.1-4.2,EN_NPi2020_2500,C6,P2a
REMIND-MAgPIE 2.1-4.2,EN_NPi2020_2500f,C6,P2a
REMIND-MAgPIE 2.1-4.2,EN_NPi2020_3000,C6,P2a
REMIND-MAgPIE 2.1-4.2,EN_NPi2020_3000f,C6,P2a
REMIND-MAgPIE 2.1-4.2,EN_NPi2020_300f,C1,P2a
REMIND-MAgPIE 2.1-4.2,EN_NPi2020_400,C1,P2a
REMIND-MAgPIE 2.1-4.2,EN_NPi2020_400f,C1,P2a
REMIND-MAgPIE 2.1-4.2,EN_NPi2020_500,C1,P2a
REMIND-MAgPIE 2.1-4.2,EN_NPi2020_500f,C2,P2a
REMIND-MAgPIE 2.1-4.2,EN_NPi2020_600,C1,P2a
REMIND-MAgPIE 2.1-4.2,EN_NPi2020_600_COV,C1,P2a
REMIND-MAgPIE 2.1-4.2,EN_NPi2020_600f,C2,P2a
REMIND-MAgPIE 2.1-4.2,EN_NPi2020_600f_COV,C1,P2a
REMIND-MAgPIE 2.1-4.2,EN_NPi2020_700,C3,P2a
REMIND-MAgPIE 2.1-4.2,EN_NPi2020_700f,C3,P2a
REMIND-MAgPIE 2.1-4.2,EN_NPi2020_800,C3,P2a
REMIND-MAgPIE 2.1-4.2,EN_NPi2020_800f,C3,P2a
REMIND-MAgPIE 2.1-4.2,EN_NPi2020_900,C3,P2a
REMIND-MAgPIE 2.1-4.2,EN_NPi2020_900f,C3,P2a
REMIND-MAgPIE 2.1-4.2,EN_NPi2100,C7,P1b
REMIND-MAgPIE 2.1-4.2,EN_NPi2100_COV,C7,P1b
REMIND-MAgPIE 2.1-4.2,EN_NoPolicy,C7,P1a
REMIND-MAgPIE 2.1-4.2,NGFS2_Below 2°C,C3,P2
REMIND-MAgPIE 2.1-4.2,NGFS2_Below 2°C - IPD-95th,C3,P2
REMIND-MAgPIE 2.1-4.2,NGFS2_Below 2°C - IPD-median,C3,P2
REMIND-MAgPIE 2.1-4.2,NGFS2_Current Policies,C7,P1b
REMIND-MAgPIE 2.1-4.2,NGFS2_Current Policies - IPD-95th,C7,P1b
REMIND-MAgPIE 2.1-4.2,NGFS2_Current Policies - IPD-median,C7,P1b
REMIND-MAgPIE 2.1-4.2,NGFS2_Delayed Transition,C3,P3a
REMIND-MAgPIE 2.1-4.2,NGFS2_Divergent Net Zero Policies,C1,P2c
REMIND-MAgPIE 2.1-4.2,NGFS2_Nationally Determined Contributions (NDCs),C5,P1c
REMIND-MAgPIE 2.1-4.2,NGFS2_Net-Zero 2050,C1,P2c
REMIND-MAgPIE 2.1-4.2,NGFS2_Net-Zero 2050 - IPD-95th,C1,P2c
REMIND-MAgPIE 2.1-4.2,NGFS2_Net-Zero 2050 - IPD-median,C1,P2c
REMIND-MAgPIE 2.1-4.2,SusDev_SDP-NPi,C5,P1d
REMIND-MAgPIE 2.1-4.2,SusDev_SDP-PkBudg1000,C1,P2c
REMIND-MAgPIE 2.1-4.2,SusDev_SSP1-NDC,C5,P1c
REMIND-MAgPIE 2.1-4.2,SusDev_SSP1-NPi,C5,P1b
REMIND-MAgPIE 2.1-4.2,SusDev_SSP1-PkBudg900,C1,P2a
REMIND-MAgPIE 2.1-4.2,SusDev_SSP2-NDC,C5,P1c
REMIND-MAgPIE 2.1-4.2,SusDev_SSP2-NPi,C7,P1b
REMIND-MAgPIE 2.1-4.2,SusDev_SSP2-PkBudg900,C1,P2a
REMIND-MAgPIE 2.1-4.3,DeepElec_SSP2_ HighRE_Budg1100,C3,P2a
REMIND-MAgPIE 2.1-4.3,DeepElec_SSP2_ HighRE_Budg1300,C3,P2a
REMIND-MAgPIE 2.1-4.3,DeepElec_SSP2_ HighRE_Budg900,C1,P2a
REMIND-MAgPIE 2.1-4.3,DeepElec_SSP2_Base,C7,P1a
REMIND-MAgPIE 2.1-4.3,DeepElec_SSP2_Npi,C7,P1b
REMIND-MAgPIE 2.1-4.3,DeepElec_SSP2_def_Budg1100,C2,P2a
REMIND-MAgPIE 2.1-4.3,DeepElec_SSP2_def_Budg1300,C3,P2a
REMIND-MAgPIE 2.1-4.3,DeepElec_SSP2_def_Budg900,C1,P2a
REMIND-Transport 2.1,Transport_Budg1100_Conv,C3,P2a
REMIND-Transport 2.1,Transport_Budg1100_Conv-LowD,C3,P2a
REMIND-Transport 2.1,Transport_Budg1100_ConvSyn,C3,P2a
REMIND-Transport 2.1,Transport_Budg1100_ElecPush,C3,P2a
REMIND-Transport 2.1,Transport_Budg1100_ElecPush-LowD,C3,P2a
REMIND-Transport 2.1,Transport_Budg1100_H2Push,C3,P2a
REMIND-Transport 2.1,Transport_NDC_Conv,C6,P1c
REMIND-Transport 2.1,Transport_NPi_Conv,C7,P1b
TIAM-ECN 1.1,EN_INDCi2030_1000,C3,P3b
TIAM-ECN 1.1,EN_INDCi2030_1000_COV,C3,P3b
TIAM-ECN 1.1,EN_INDCi2030_1000_NDCp,C3,P3b
TIAM-ECN 1.1,EN_INDCi2030_1000f,C3,P3b
TIAM-ECN 1.1,EN_INDCi2030_1000f_COV,C3,P3b
TIAM-ECN 1.1,EN_INDCi2030_1000f_NDCp,C3,P3b
TIAM-ECN 1.1,EN_INDCi2030_1200,C3,P3b
TIAM-ECN 1.1,EN_INDCi2030_1200f,C3,P3b
TIAM-ECN 1.1,EN_INDCi2030_1400,C4,P3b
TIAM-ECN 1.1,EN_INDCi2030_1400f,C4,P3b
TIAM-ECN 1.1,EN_INDCi2030_1600,C4,P3b
TIAM-ECN 1.1,EN_INDCi2030_1600f,C5,P3b
TIAM-ECN 1.1,EN_INDCi2030_2000,C5,P3b
TIAM-ECN 1.1,EN_INDCi2030_2000f,C5,P3b
TIAM-ECN 1.1,EN_INDCi2030_2500,C5,P3b
TIAM-ECN 1.1,EN_INDCi2030_2500f,C5,P3b
TIAM-ECN 1.1,EN_INDCi2030_3000,C6,P3b
TIAM-ECN 1.1,EN_INDCi2030_3000f,C6,P3b
TIAM-ECN 1.1,EN_INDCi2030_900,C3,P3b
TIAM-ECN 1.1,EN_INDCi2030_900f,C3,P3b
TIAM-ECN 1.1,EN_INDCi2100,C7,P1c
TIAM-ECN 1.1,EN_INDCi2100_COV,C7,P1c
TIAM-ECN 1.1,EN_INDCi2100_NDCp,C7,P1c
TIAM-ECN 1.1,EN_NPi2020_1000,C3,P2a
TIAM-ECN 1.1,EN_NPi2020_1000_COV,C3,P2a
TIAM-ECN 1.1,EN_NPi2020_1000f,C3,P2a
TIAM-ECN 1.1,EN_NPi2020_1000f_COV,C3,P2a
TIAM-ECN 1.1,EN_NPi2020_1200,C3,P2a
TIAM-ECN 1.1,EN_NPi2020_1200f,C3,P2a
TIAM-ECN 1.1,EN_NPi2020_1400,C4,P2a
TIAM-ECN 1.1,EN_NPi2020_1400f,C4,P2a
TIAM-ECN 1.1,EN_NPi2020_1600,C4,P2a
TIAM-ECN 1.1,EN_NPi2020_1600f,C5,P2a
TIAM-ECN 1.1,EN_NPi2020_2000,C5,P2a
TIAM-ECN 1.1,EN_NPi2020_2000f,C5,P2a
TIAM-ECN 1.1,EN_NPi2020_2500,C5,P2a
TIAM-ECN 1.1,EN_NPi2020_2500f,C5,P2a
TIAM-ECN 1.1,EN_NPi2020_3000,C6,P2a
TIAM-ECN 1.1,EN_NPi2020_3000f,C6,P2a
TIAM-ECN 1.1,EN_NPi2020_800,C3,P2a
TIAM-ECN 1.1,EN_NPi2020_800f,C3,P2a
TIAM-ECN 1.1,EN_NPi2020_900,C3,P2a
TIAM-ECN 1.1,EN_NPi2020_900f,C3,P2a
TIAM-ECN 1.1,EN_NPi2100,C7,P1b
TIAM-ECN 1.1,EN_NPi2100_COV,C7,P1b
WITCH 5.0,CO_2Deg2020,C3,P2a
WITCH 5.0,CO_2Deg2030,C3,P3b
WITCH 5.0,CO_BAU,C7,P1a
WITCH 5.0,CO_Bridge,C3,P3c
WITCH 5.0,CO_CurPol,C7,P1b
WITCH 5.0,CO_GPP,C5,P1d
WITCH 5.0,CO_NDC_2050convergence,C5,P1d
WITCH 5.0,CO_NDCplus,C6,P1c
WITCH 5.0,EN_INDCi2030_1000,C3,P3b
WITCH 5.0,EN_INDCi2030_1000_NDCp,C3,P3b
WITCH 5.0,EN_INDCi2030_1000f,C3,P3b
WITCH 5.0,EN_INDCi2030_1000f_NDCp,C3,P3b
WITCH 5.0,EN_INDCi2030_1200,C4,P3b
WITCH 5.0,EN_INDCi2030_1200_NDCp,C4,P3b
WITCH 5.0,EN_INDCi2030_1200f,C4,P3b
WITCH 5.0,EN_INDCi2030_1200f_NDCp,C4,P3b
WITCH 5.0,EN_INDCi2030_1400,C4,P3b
WITCH 5.0,EN_INDCi2030_1400_NDCp,C4,P3b
WITCH 5.0,EN_INDCi2030_1400f,C4,P3b
WITCH 5.0,EN_INDCi2030_1400f_NDCp,C4,P3b
WITCH 5.0,EN_INDCi2030_1600,C5,P3b
WITCH 5.0,EN_INDCi2030_1600_NDCp,C5,P3b
WITCH 5.0,EN_INDCi2030_1600f,C5,P3b
WITCH 5.0,EN_INDCi2030_1600f_NDCp,C5,P3b
WITCH 5.0,EN_INDCi2030_1800,C5,P3b
WITCH 5.0,EN_INDCi2030_1800_NDCp,C5,P3b
WITCH 5.0,EN_INDCi2030_1800f,C5,P3b
WITCH 5.0,EN_INDCi2030_1800f_NDCp,C5,P3b
WITCH 5.0,EN_INDCi2030_2000,C5,P3b
WITCH 5.0,EN_INDCi2030_2000_NDCp,C5,P3b
WITCH 5.0,EN_INDCi2030_2000f,C5,P3b
WITCH 5.0,EN_INDCi2030_2000f_NDCp,C5,P3b
WITCH 5.0,EN_INDCi2030_2500,C5,P3b
WITCH 5.0,EN_INDCi2030_2500_NDCp,C5,P3b
WITCH 5.0,EN_INDCi2030_2500f,C5,P3b
WITCH 5.0,EN_INDCi2030_2500f_NDCp,C5,P3b
WITCH 5.0,EN_INDCi2030_3000,C6,P3b
WITCH 5.0,EN_INDCi2030_3000_NDCp,C6,P3b
WITCH 5.0,EN_INDCi2030_3000f,C6,P3b
WITCH 5.0,EN_INDCi2030_3000f_NDCp,C6,P3b
WITCH 5.0,EN_INDCi2030_500f,C2,P3b
WITCH 5.0,EN_INDCi2030_600f,C3,P3b
WITCH 5.0,EN_INDCi2030_600f_NDCp,C3,P3b
WITCH 5.0,EN_INDCi2030_700f,C3,P3b
WITCH 5.0,EN_INDCi2030_700f_NDCp,C3,P3b
WITCH 5.0,EN_INDCi2030_800,C3,P3b
WITCH 5.0,EN_INDCi2030_800_NDCp,C3,P3b
WITCH 5.0,EN_INDCi2030_800f,C3,P3b
WITCH 5.0,EN_INDCi2030_800f_NDCp,C3,P3b
WITCH 5.0,EN_INDCi2030_900,C3,P3b
WITCH 5.0,EN_INDCi2030_900_NDCp,C3,P3b
WITCH 5.0,EN_INDCi2030_900f,C3,P3b
WITCH 5.0,EN_INDCi2030_900f_NDCp,C3,P3b
WITCH 5.0,EN_INDCi2100,C6,P1c
WITCH 5.0,EN_INDCi2100_NDCp,C6,P1c
WITCH 5.0,EN_NPi2020_1000,C3,P2a
WITCH 5.0,EN_NPi2020_1000f,C3,P2a
WITCH 5.0,EN_NPi2020_1200,C4,P2a
WITCH 5.0,EN_NPi2020_1200f,C4,P2a
WITCH 5.0,EN_NPi2020_1400,C4,P2a
WITCH 5.0,EN_NPi2020_1400f,C4,P2a
WITCH 5.0,EN_NPi2020_1600,C4,P2a
WITCH 5.0,EN_NPi2020_1600f,C4,P2a
WITCH 5.0,EN_NPi2020_1800,C5,P2a
WITCH 5.0,EN_NPi2020_1800f,C5,P2a
WITCH 5.0,EN_NPi2020_2000,C5,P2a
WITCH 5.0,EN_NPi2020_2000f,C5,P2a
WITCH 5.0,EN_NPi2020_2500,C5,P2a
WITCH 5.0,EN_NPi2020_2500f,C5,P2a
WITCH 5.0,EN_NPi2020_3000,C6,P2a
WITCH 5.0,EN_NPi2020_3000f,C6,P2a
WITCH 5.0,EN_NPi2020_400f,C1,P2a
WITCH 5.0,EN_NPi2020_450,C1,P2a
WITCH 5.0,EN_NPi2020_450f,C1,P2a
WITCH 5.0,EN_NPi2020_500,C1,P2a
WITCH 5.0,EN_NPi2020_500f,C1,P2a
WITCH 5.0,EN_NPi2020_600,C3,P2a
WITCH 5.0,EN_NPi2020_600f,C3,P2a
WITCH 5.0,EN_NPi2020_700,C3,P2a
WITCH 5.0,EN_NPi2020_700f,C3,P2a
WITCH 5.0,EN_NPi2020_800,C3,P2a
WITCH 5.0,EN_NPi2020_800f,C3,P2a
WITCH 5.0,EN_NPi2020_900,C3,P2a
WITCH 5.0,EN_NPi2020_900f,C3,P2a
WITCH 5.0,EN_NPi2100,C7,P1b
WITCH 5.0,EN_NoPolicy,C7,P1a
WITCH-GLOBIOM 3.1,SSP1-19,C1,P2a
WITCH-GLOBIOM 3.1,SSP1-Baseline,C7,P1a
WITCH-GLOBIOM 3.1,SSP4-19,C1,P2a
WITCH-GLOBIOM 3.1,SSP4-Baseline,C7,P1a
WITCH-GLOBIOM 4.2,EMF30_CH4-Only,C7,P1d
WITCH-GLOBIOM 4.2,EMF30_D_Frozen-EF,C7,P0
WITCH-GLOBIOM 4.2,EMF30_SLCF,C7,P1d
WITCH-GLOBIOM 4.4,CD-LINKS_INDC2030i_1600,C3,P3b
WITCH-GLOBIOM 4.4,CD-LINKS_INDCi,C7,P1c
WITCH-GLOBIOM 4.4,CD-LINKS_NDC2030i_1000,C2,P3b
WITCH-GLOBIOM 4.4,CD-LINKS_NPi,C7,P1b
WITCH-GLOBIOM 4.4,CD-LINKS_NPi2020_1000,C1,P2a
WITCH-GLOBIOM 4.4,CD-LINKS_NPi2020_1600,C3,P2a
WITCH-GLOBIOM 4.4,CD-LINKS_NPi2020_400,C1,P2a
WITCH-GLOBIOM 4.4,CD-LINKS_NoPolicy,C7,P1a
